keywords,weight
Deep Learning,3
Radiation Therapy,2.3
Dosimetry,2.2
Intrafractional motion, 2.1
Altas-based segmentation, 2.0
PET,1.0
SPECT,1.0
CT, 1.0
Segmentation, 1.5
Classification, 1.5
Regression, 1.5
Monte Carlo, 1.5
Longitudinal imaging, 1.5
Diffusion model, 1.5
Foundation model, 1.5
Continual learning, 1.5
Pseudo label, 1.5
Proof of Concept, 1.5
Prompt tuning, 1.5
Dataset distillation, 1.5
Fine-grained data, 1.5
Coarse data, 1.5
Planning Target Volume, 1.0
Isodose volume, 1.0
Latent vairables, 1.0
Diffusion model, 1.0
Proton therapy, 1.0
Knowledge-based planning(KBS), 1.0
Online learning, 1.0
Long-tailed Problem, 1.0
